ID,Carrier,Origin,Dest,Air_time,Distance,Dep_delay,Arr_delay
1,UA,EWR,IAH,227,1400,2,11
2,UA,LGA,IAH,227,1416,4,20
3,AA,JFK,MIA,160,1089,2,33
4,B6,JFK,BQN,183,1576,-1,-18
5,DL,LGA,ATL,116,762,-6,-25
6,UA,EWR,ORD,150,719,-4,12
7,B6,EWR,FLL,158,1065,-5,19
8,EV,LGA,IAD,53,229,-3,-14
9,B6,JFK,MCO,140,944,-3,-8
10,AA,LGA,ORD,138,733,-2,8
11,B6,JFK,PBI,149,1028,-2,-2
12,B6,JFK,TPA,158,1005,-2,-3
13,UA,JFK,LAX,345,2475,-2,7
14,UA,EWR,SFO,361,2565,-2,-14
15,AA,LGA,DFW,257,1389,-1,31
16,B6,JFK,BOS,44,187,0,-4
17,UA,EWR,LAS,337,2227,-1,-8
18,B6,LGA,FLL,152,1076,0,-7
19,MQ,LGA,ATL,134,762,0,12
20,B6,EWR,PBI,147,1023,1,-6
21,DL,LGA,MSP,170,1020,-8,-8
22,MQ,LGA,DTW,105,502,-3,16
23,AA,EWR,MIA,152,1085,-4,-12
24,DL,JFK,ATL,128,760,-4,-8
25,UA,EWR,MIA,157,1085,0,-17
26,MQ,EWR,ORD,139,719,8,32
27,UA,JFK,SFO,366,2586,11,14
28,B6,JFK,RSW,175,1074,3,4
29,B6,JFK,SJU,182,1598,0,-21
30,DL,EWR,ATL,120,746,0,-9
31,US,EWR,PHX,342,2133,-8,3
32,AA,LGA,MIA,153,1096,13,5
33,UA,LGA,IAH,229,1416,-4,1
34,EV,EWR,MSP,190,1008,-6,29
35,MQ,LGA,MSP,166,1020,-6,10
36,US,JFK,PHX,330,2153,-3,0
37,AA,JFK,SJU,192,1598,-2,-3
38,UA,EWR,LAX,366,2454,-2,29
39,AA,LGA,ORD,140,733,-1,14
40,WN,LGA,BWI,40,185,-1,-19
41,US,EWR,CLT,91,529,-1,-9
42,EV,EWR,IAD,52,212,24,12
43,AA,LGA,DFW,248,1389,0,48
44,B6,LGA,MCO,144,950,-8,-5
45,B6,JFK,BOS,41,187,-1,-10
46,UA,EWR,PBI,146,1023,-3,-18
47,US,EWR,CLT,91,529,-2,-11
48,UA,EWR,FLL,151,1065,8,-9
49,B6,JFK,BUF,63,301,-2,5
50,UA,LGA,DEN,243,1620,1,-6
51,UA,EWR,SNA,380,2434,1,-7
52,B6,JFK,LAS,323,2248,-4,-6
53,B6,JFK,MSY,191,1182,-3,11
54,DL,LGA,PBI,149,1035,-7,-33
55,DL,JFK,SLC,294,1990,0,-9
56,DL,JFK,SFO,362,2586,-5,-8
57,DL,LGA,MIA,161,1096,-5,-18
58,AA,LGA,ORD,143,733,-4,4
59,AA,JFK,MCO,142,944,-3,-10
60,MQ,LGA,XNA,233,1147,-9,27
61,UA,EWR,TPA,156,997,-4,-23
62,DL,LGA,FLL,164,1076,-3,-14
63,DL,LGA,ATL,126,762,-2,5
64,VX,JFK,LAX,361,2475,-2,2
65,AA,LGA,MIA,159,1096,-1,-7
66,B6,JFK,FLL,156,1069,-1,1
67,DL,LGA,DTW,105,502,-6,-6
68,UA,EWR,RSW,164,1068,-1,-9
69,UA,EWR,SJU,188,1608,1,-31
70,B6,JFK,LAX,381,2475,2,44
71,UA,LGA,ORD,135,733,9,20
72,B6,JFK,SJU,190,1598,-4,-15
73,AA,JFK,FLL,159,1069,-3,-12
74,UA,EWR,ORD,156,719,2,21
75,FL,LGA,MKE,134,738,-3,10
76,B6,JFK,MCO,147,944,-2,5
77,UA,EWR,PBI,153,1023,-2,-4
78,AA,LGA,DFW,254,1389,-6,31
79,AS,EWR,SEA,338,2402,-1,-10
80,AA,EWR,DFW,238,1372,-5,12
81,UA,EWR,DEN,254,1605,-3,7
82,UA,LGA,IAH,238,1416,-4,3
83,VX,JFK,SFO,356,2586,-1,-26
84,B6,JFK,ROC,64,264,-3,-1
85,B6,LGA,RSW,167,1080,3,2
86,UA,EWR,MCO,145,937,47,30
87,B6,JFK,SYR,54,209,-3,4
88,B6,JFK,SFO,350,2586,-3,-26
89,AA,LGA,ORD,137,733,-6,-12
90,UA,EWR,IAH,249,1400,0,26
91,B6,LGA,TPA,158,1010,-4,2
92,AA,JFK,LAX,358,2475,13,7
93,B6,JFK,SRQ,164,1041,-6,-11
94,DL,JFK,SEA,349,2422,13,3
95,AA,JFK,SFO,378,2586,0,10
96,UA,EWR,SFO,373,2565,0,-10
97,MQ,EWR,ORD,148,719,39,49
98,DL,LGA,MCO,140,950,-3,-18
99,UA,LGA,DEN,249,1620,2,-4
100,US,LGA,CLT,96,544,-7,-4
101,AA,LGA,MIA,157,1096,-2,-14
102,DL,LGA,ATL,126,762,-5,-2
103,WN,LGA,DEN,279,1620,-1,33
104,B6,EWR,MCO,142,937,-2,-1
105,DL,JFK,MIA,158,1089,-1,-30
106,DL,LGA,MSP,171,1020,0,8
107,MQ,JFK,RDU,80,427,-10,-6
108,B6,EWR,BOS,38,200,-4,-19
109,AA,JFK,BOS,38,187,-7,-22
110,UA,JFK,SFO,369,2586,3,-12
111,DL,JFK,MCO,147,944,-6,-13
112,B6,JFK,CLT,98,541,0,10
113,B6,JFK,FLL,165,1069,5,12
114,MQ,LGA,CMH,101,479,-10,-4
115,DL,JFK,ATL,126,760,-3,0
116,EV,EWR,JAX,132,820,-6,-7
117,9E,JFK,MSP,189,1029,0,11
118,DL,LGA,PBI,149,1035,-5,-28
119,EV,EWR,CHS,101,628,-4,-26
120,MQ,LGA,CLT,118,544,101,137
121,US,EWR,CLT,96,529,-4,10
122,EV,EWR,MEM,180,946,-2,23
123,DL,LGA,DEN,267,1620,-2,7
124,FL,LGA,ATL,132,762,4,17
125,B6,JFK,PIT,86,340,7,17
126,B6,JFK,SJU,190,1598,0,-16
127,DL,JFK,BOS,36,187,-10,-14
128,DL,JFK,SJU,182,1598,0,-40
129,B6,JFK,SAN,354,2446,1,24
130,MQ,JFK,DCA,52,213,-4,-13
131,EV,LGA,CLE,91,419,-8,-2
132,US,JFK,CLT,96,541,-2,-5
133,UA,EWR,DFW,250,1372,0,16
134,AA,LGA,STL,169,888,-6,2
135,B6,JFK,JAX,130,828,-2,-7
136,AA,JFK,MIA,160,1089,71,51
137,UA,EWR,SFO,357,2565,9,-13
138,B6,JFK,ORD,160,740,-2,15
139,UA,EWR,LAX,359,2454,5,7
140,UA,JFK,LAX,360,2475,-1,-8
141,UA,EWR,MCO,145,937,-1,-23
142,AA,LGA,ORD,137,733,0,3
143,MQ,LGA,ATL,123,762,-5,-13
144,EV,EWR,MYR,92,550,-4,-18
145,MQ,LGA,RDU,77,431,-8,-24
146,F9,LGA,DEN,257,1620,-2,32
147,AA,LGA,DFW,249,1389,0,20
148,MQ,LGA,CLE,88,419,-11,-8
149,AA,JFK,SJU,188,1598,-5,-39
150,DL,JFK,DTW,108,509,-5,-9
151,B6,EWR,RSW,157,1068,1,-27
152,MQ,JFK,BWI,41,184,853,851
153,UA,EWR,JAC,275,1874,-3,19
154,EV,EWR,RDU,75,416,0,-4
155,DL,EWR,DTW,106,488,-8,-3
156,UA,EWR,SAN,367,2425,11,9
157,WN,EWR,MDW,146,711,-3,26
158,B6,JFK,TPA,159,1005,8,2
159,DL,LGA,ATL,129,762,-4,-2
160,AA,JFK,LAX,358,2475,-4,6
161,DL,LGA,MIA,158,1096,-4,-10
162,UA,EWR,PBI,150,1023,1,-23
163,HA,JFK,HNL,659,4983,-3,-14
164,DL,LGA,DTW,110,502,-8,-13
165,DL,EWR,ATL,125,746,-3,-9
166,UA,EWR,SEA,343,2402,6,-25
167,MQ,LGA,DTW,103,502,-2,-8
168,DL,LGA,MCO,140,950,-1,-24
169,VX,JFK,LAX,359,2475,-1,-2
170,UA,EWR,FLL,161,1065,0,8
171,UA,EWR,ORD,145,719,-1,3
172,MQ,LGA,BNA,142,764,43,50
173,UA,EWR,MIA,158,1085,-2,-19
174,B6,JFK,AUS,263,1521,0,40
175,UA,EWR,DEN,246,1605,23,9
176,B6,JFK,BTV,52,266,-2,-7
177,US,LGA,PHL,32,96,-7,-29
178,UA,EWR,IAH,233,1400,0,9
179,AA,JFK,STT,184,1623,59,16
180,AA,JFK,MIA,166,1089,12,21
181,UA,EWR,MIA,159,1085,6,-7
182,UA,EWR,STT,189,1634,-5,-30
183,AA,EWR,DFW,238,1372,-6,4
184,UA,EWR,CLE,85,404,14,15
185,AA,LGA,DFW,258,1389,-3,28
186,B6,JFK,MCO,145,944,2,-5
187,B6,JFK,RDU,80,427,-3,-16
188,B6,JFK,IAD,52,228,15,14
189,MQ,LGA,CLT,92,544,0,27
190,DL,JFK,LAX,333,2475,21,10
191,B6,JFK,BOS,38,187,4,-4
192,B6,EWR,SJU,191,1608,-3,-17
193,B6,JFK,PBI,151,1028,4,2
194,UA,EWR,EGE,287,1726,-2,13
195,DL,LGA,RSW,166,1080,-3,-26
196,EV,EWR,DCA,43,199,0,-14
197,WN,EWR,DEN,264,1605,4,30
198,UA,EWR,TPA,149,997,25,9
199,B6,LGA,FLL,161,1076,1,-1
200,UA,LGA,ORD,154,733,1,13
201,VX,JFK,LAS,324,2248,2,-6
202,B6,JFK,BUF,66,301,-4,-5
203,B6,JFK,FLL,170,1069,29,42
204,WN,LGA,MDW,145,725,-2,15
205,DL,LGA,TPA,159,1010,-4,-16
206,DL,LGA,SRQ,169,1047,-9,-12
207,B6,LGA,PBI,154,1035,-3,3
208,WN,LGA,MKE,143,738,-3,7
209,AA,LGA,ORD,133,733,-5,-11
210,MQ,LGA,ATL,129,762,-15,6
211,B6,JFK,LAX,352,2475,-4,2
212,EV,EWR,AVL,105,583,-13,-16
213,B6,JFK,PWM,47,273,-6,-17
214,EV,EWR,STL,170,872,-4,13
215,MQ,LGA,BNA,144,764,-6,12
216,UA,EWR,LAX,346,2454,32,39
217,US,EWR,PHX,324,2133,-5,11
218,DL,LGA,ATL,129,762,-4,0
219,UA,EWR,BOS,37,200,144,123
220,DL,LGA,FLL,151,1076,-3,-6
221,US,LGA,CLT,90,544,-1,-15
222,B6,EWR,FLL,152,1065,-7,-25
223,US,JFK,PHX,342,2153,4,39
224,UA,EWR,DEN,254,1605,5,5
225,MQ,EWR,ORD,131,719,-3,7
226,DL,LGA,MSP,160,1020,-6,-10
227,US,EWR,CLT,90,529,-5,-6
228,US,JFK,CLT,97,541,-5,11
229,EV,LGA,IAD,59,229,10,5
230,DL,JFK,LAS,320,2248,-4,-21
231,FL,LGA,ATL,129,762,-2,2
232,EV,EWR,BUF,59,282,-5,-10
233,MQ,LGA,RDU,78,431,-6,-11
234,AA,LGA,DFW,247,1389,5,26
235,UA,EWR,MCO,137,937,34,-4
236,AA,JFK,LAX,356,2475,-4,11
237,UA,LGA,IAH,237,1416,2,11
238,AA,JFK,SFO,389,2586,-1,32
239,EV,EWR,CHS,100,628,-5,-17
240,VX,JFK,SFO,363,2586,1,-22
241,UA,EWR,FLL,157,1065,1,-11
242,EV,EWR,IND,135,645,-3,15
243,UA,EWR,BOS,42,200,16,-6
244,AA,LGA,ORD,133,733,7,11
245,UA,EWR,ORD,149,719,8,21
246,B6,JFK,MCO,142,944,2,-1
247,EV,EWR,MKE,151,725,-1,19
248,UA,EWR,IAH,229,1400,-1,1
249,UA,EWR,RSW,157,1068,3,-11
250,AA,LGA,DFW,230,1389,-8,-6
251,DL,JFK,SLC,295,1990,-3,-9
252,MQ,LGA,DTW,112,502,-2,12
253,B6,LGA,FLL,165,1076,3,4
254,DL,LGA,ATL,129,762,-5,-13
255,EV,EWR,PWM,51,284,-3,-6
256,DL,LGA,TPA,158,1010,-4,-6
257,US,LGA,DCA,50,214,-2,-6
258,WN,LGA,BWI,43,185,-1,-14
259,MQ,JFK,DCA,50,213,-1,-5
260,UA,EWR,LAS,325,2227,6,-9
261,B6,EWR,PBI,145,1023,18,13
262,DL,LGA,MIA,155,1096,3,-11
263,UA,EWR,SFO,356,2565,18,23
264,MQ,LGA,CMH,95,479,-8,-5
265,AA,LGA,MIA,157,1096,-6,-23
266,B6,JFK,BTV,52,266,-4,-4
267,UA,JFK,SFO,364,2586,12,2
268,DL,LGA,DTW,104,502,-2,3
269,UA,LGA,IAH,248,1416,134,145
270,EV,EWR,SAV,117,708,96,78
271,WN,LGA,STL,176,888,-5,5
272,UA,LGA,DEN,256,1620,13,34
273,B6,JFK,SFO,349,2586,24,4
274,DL,LGA,RSW,169,1080,-1,0
275,US,LGA,CLT,94,544,-5,-7
276,EV,EWR,RDU,73,416,-2,-6
277,UA,JFK,LAX,357,2475,-3,16
278,UA,EWR,PBI,156,1023,-2,-4
279,UA,EWR,TPA,156,997,-1,-15
280,AA,LGA,ORD,127,733,5,-4
281,DL,LGA,MSP,166,1020,-1,3
282,MQ,LGA,CLE,89,419,-3,-6
283,B6,JFK,RSW,168,1074,4,3
284,VX,JFK,LAX,347,2475,3,-2
285,AA,EWR,MIA,156,1085,-5,-16
286,DL,LGA,PBI,153,1035,-3,-6
287,UA,EWR,SNA,371,2434,-2,5
288,EV,EWR,ATL,126,746,-1,11
289,FL,LGA,CAK,82,397,-8,8
290,EV,EWR,SYR,46,195,-6,-12
291,EV,EWR,CMH,95,463,-6,9
292,B6,JFK,FLL,167,1069,30,29
293,DL,JFK,LAX,330,2475,-7,-39
294,B6,EWR,BOS,40,200,-6,-13
295,MQ,LGA,ATL,141,762,-6,22
296,AA,JFK,LAX,353,2475,-5,7
297,DL,LGA,FLL,160,1076,-5,-12
298,DL,LGA,ATL,133,762,-5,1
299,MQ,JFK,DCA,57,213,-5,-3
300,EV,EWR,ROC,50,246,-1,-5
301,MQ,LGA,RDU,80,431,-8,-3
302,UA,EWR,MCO,151,937,-3,-4
303,AA,LGA,DFW,248,1389,-7,10
304,WN,EWR,BWI,38,169,-2,-4
305,UA,LGA,ORD,142,733,-2,7
306,US,JFK,CLT,102,541,0,12
307,EV,EWR,BTV,51,266,-5,4
308,UA,EWR,SJU,187,1608,3,-8
309,EV,EWR,ATL,142,746,-2,24
310,VX,JFK,SFO,353,2586,3,-26
311,B6,EWR,MCO,139,937,4,12
312,UA,EWR,IAH,221,1400,5,-2
313,EV,EWR,BUF,59,282,-3,-3
314,B6,JFK,HOU,253,1428,10,38
315,EV,EWR,CLT,102,529,-4,10
316,MQ,EWR,ORD,143,719,-3,24
317,UA,EWR,SFO,345,2565,-1,-4
318,AA,LGA,STL,161,888,-1,0
319,DL,LGA,MSY,195,1183,-6,-9
320,WN,EWR,MDW,142,711,0,23
321,EV,EWR,JAX,131,820,23,43
322,B6,JFK,TPA,160,1005,-7,-6
323,UA,EWR,PHX,339,2133,4,27
324,EV,EWR,DTW,108,488,-5,2
325,DL,LGA,DTW,108,502,-7,3
326,UA,EWR,FLL,156,1065,2,-6
327,AA,JFK,BOS,40,187,-8,-10
328,WN,LGA,MKE,137,738,-2,5
329,EV,EWR,DTW,114,488,11,23
330,AA,LGA,MIA,156,1096,-5,-6
331,MQ,JFK,RDU,79,427,5,0
332,EV,EWR,DCA,45,199,-6,-13
333,DL,JFK,SLC,298,1990,0,1
334,DL,JFK,SJU,188,1598,-4,-38
335,B6,JFK,BUF,70,301,21,36
336,UA,LGA,IAH,238,1416,-2,0
337,B6,JFK,FLL,173,1069,-1,16
338,AA,LGA,DFW,243,1389,7,34
339,UA,EWR,DEN,252,1605,41,48
340,DL,LGA,ATL,132,762,-5,4
341,WN,LGA,DEN,264,1620,0,5
342,MQ,LGA,BNA,139,764,55,81
343,US,LGA,CLT,100,544,-4,-1
344,US,LGA,BOS,38,184,-5,-8
345,B6,JFK,LGB,346,2465,-1,-9
346,MQ,LGA,CMH,97,479,-3,4
347,FL,LGA,ATL,128,762,-10,-5
348,AA,LGA,ORD,147,733,-2,19
349,AA,EWR,DFW,252,1372,21,53
350,MQ,LGA,MSP,170,1020,71,93
351,UA,EWR,DFW,243,1372,6,26
352,B6,JFK,BOS,40,187,3,-2
353,UA,EWR,MIA,158,1085,2,-8
354,EV,EWR,DAY,107,533,37,56
355,B6,JFK,ROC,65,264,5,12
356,MQ,LGA,DTW,102,502,-10,3
357,AA,JFK,MIA,163,1089,26,27
358,WN,EWR,HOU,239,1411,6,12
359,B6,JFK,PBI,150,1028,10,5
360,US,EWR,CLT,95,529,-1,2
361,EV,EWR,ALB,33,143,-2,-10
362,EV,EWR,BWI,38,169,2,-3
363,MQ,LGA,RDU,80,431,-8,-11
364,EV,EWR,BDL,25,116,-4,-18
365,B6,LGA,MCO,140,950,5,-3
366,UA,EWR,LAX,334,2454,0,-11
367,DL,EWR,SLC,295,1969,23,43
368,DL,JFK,ATL,131,760,-5,1
369,VX,JFK,LAX,352,2475,-3,-17
370,UA,EWR,FLL,157,1065,-2,-5
371,EV,EWR,IND,149,645,9,37
372,B6,JFK,JAX,134,828,-2,0
373,EV,EWR,PIT,69,319,-4,8
374,B6,JFK,LAX,352,2475,77,78
375,AA,LGA,MIA,161,1096,-6,-23
376,B6,LGA,SRQ,170,1047,4,23
377,AA,JFK,LAX,362,2475,-4,4
378,EV,EWR,STL,194,872,22,73
379,AA,LGA,DFW,235,1389,13,18
380,UA,EWR,HNL,656,4963,0,21
381,WN,EWR,PHX,334,2133,16,26
382,EV,EWR,BUF,57,282,21,11
383,B6,JFK,PWM,49,273,-5,-14
384,EV,EWR,MHT,37,209,-4,-13
385,EV,EWR,MSN,152,799,-4,24
386,EV,EWR,CHS,102,628,-2,-4
387,DL,JFK,BOS,37,187,-5,-22
388,EV,EWR,GSO,86,445,40,46
389,B6,JFK,MCO,144,944,-1,-4
390,WN,LGA,MDW,141,725,5,22
391,MQ,LGA,CLT,98,544,6,27
392,UA,EWR,ORD,135,719,57,60
393,UA,LGA,ORD,146,733,2,11
394,UA,EWR,IAH,218,1400,6,19
395,US,EWR,PHX,318,2133,8,27
396,EV,LGA,MEM,178,963,70,103
397,DL,LGA,ATL,130,762,0,-2
398,EV,EWR,MEM,183,946,39,84
399,FL,LGA,ATL,133,762,-3,6
400,B6,EWR,FLL,154,1065,56,66
401,UA,EWR,ORD,136,719,5,14
402,UA,EWR,SEA,348,2402,-1,-6
403,MQ,EWR,ORD,136,719,-1,7
404,B6,JFK,BOS,38,187,-1,-18
405,B6,JFK,SEA,349,2422,26,26
406,DL,LGA,RSW,160,1080,-9,-28
407,MQ,LGA,CLE,93,419,12,18
408,UA,JFK,SFO,362,2586,-3,-11
409,EV,LGA,IAD,53,229,-7,-15
410,EV,EWR,CVG,129,569,35,65
411,EV,EWR,ATL,132,746,4,15
412,B6,JFK,BUR,371,2465,59,83
413,UA,EWR,PBI,149,1023,31,26
414,UA,LGA,IAH,227,1416,0,-9
415,B6,LGA,PBI,151,1035,2,5
416,UA,EWR,CLE,91,404,-9,11
417,DL,LGA,MSP,163,1020,-2,-8
418,DL,JFK,SFO,375,2586,1,20
419,DL,JFK,DCA,56,213,-6,-15
420,DL,LGA,DTW,94,502,0,15
421,AA,JFK,MCO,141,944,-8,-27
422,EV,EWR,IAD,51,212,-1,-2
423,AA,LGA,ORD,147,733,-10,-10
424,MQ,LGA,ATL,129,762,0,19
425,AA,JFK,MIA,161,1089,-9,-22
426,US,LGA,CLT,96,544,3,4
427,MQ,JFK,RDU,78,427,-1,11
428,9E,JFK,IAD,57,228,-9,-2
429,9E,JFK,BUF,68,301,-3,-2
430,B6,JFK,FLL,162,1069,-5,-18
431,MQ,JFK,CLE,99,425,3,22
432,US,LGA,DCA,51,214,-7,-19
433,EV,EWR,PWM,47,284,-4,-21
434,9E,JFK,SYR,57,209,-6,-1
435,DL,JFK,LAX,340,2475,-6,-22
436,B6,JFK,MSY,192,1182,-2,1
437,B6,JFK,PIT,87,340,-4,10
438,DL,LGA,PBI,152,1035,-5,-17
439,UA,LGA,ORD,140,733,-4,17
440,UA,EWR,AUS,252,1504,1,17
441,UA,EWR,RSW,166,1068,-3,-17
442,US,EWR,CLT,97,529,-3,-4
443,MQ,LGA,CMH,94,479,-2,3
444,EV,EWR,CMH,96,463,-2,0
445,UA,EWR,TPA,152,997,5,-1
446,B6,LGA,FLL,167,1076,1,3
447,UA,EWR,FLL,156,1065,2,-4
448,EV,EWR,RIC,63,277,115,127
449,MQ,LGA,RDU,82,431,-5,-1
450,AA,LGA,DFW,248,1389,1,18
451,UA,LGA,DEN,237,1620,-6,-18
452,9E,JFK,ROC,66,264,-8,-5
453,MQ,JFK,IND,130,665,-3,3
454,UA,EWR,MCO,146,937,18,26
455,B6,EWR,TPA,156,997,-7,0
456,DL,LGA,ATL,135,762,11,11
457,DL,LGA,BUF,60,292,-4,-3
458,B6,JFK,MCO,142,944,-6,-18
459,EV,EWR,CLT,102,529,8,11
460,MQ,JFK,PIT,79,340,-2,5
461,B6,JFK,SRQ,171,1041,38,52
462,UA,EWR,SFO,348,2565,2,5
463,AA,EWR,DFW,236,1372,50,60
464,MQ,JFK,DCA,57,213,-5,-12
465,UA,EWR,MCO,152,937,0,1
466,DL,LGA,MCO,145,950,6,7
467,MQ,JFK,CMH,98,483,-8,6
468,UA,JFK,LAX,356,2475,-8,3
469,UA,EWR,LAX,337,2454,7,3
470,B6,JFK,PBI,156,1028,27,27
471,B6,EWR,MCO,152,937,105,125
472,MQ,LGA,XNA,NA,1147,-5,NA
473,WN,EWR,MDW,141,711,-4,24
474,AA,JFK,FLL,163,1069,-3,-14
475,B6,JFK,BUF,66,301,32,27
476,B6,JFK,RSW,168,1074,-6,-21
477,UA,EWR,IAH,210,1400,12,44
478,EV,EWR,STL,NA,872,29,NA
479,AA,LGA,STL,160,888,-2,6
480,UA,EWR,ORD,138,719,32,46
481,US,LGA,CLT,103,544,-1,-4
482,9E,JFK,BWI,40,184,0,-5
483,EV,EWR,DCA,45,199,38,34
484,EV,EWR,GSP,106,594,32,47
485,UA,EWR,DEN,247,1605,11,19
486,EV,EWR,GRR,120,605,4,20
487,WN,LGA,MKE,133,738,16,19
488,DL,JFK,MCO,133,944,-2,-24
489,AA,JFK,SFO,360,2586,9,-6
490,AA,JFK,LAX,351,2475,-6,-17
491,UA,EWR,LAS,342,2227,2,35
492,B6,JFK,SJU,193,1598,122,115
493,DL,JFK,SAN,342,2446,-3,-21
494,DL,JFK,SLC,320,1990,-7,8
495,UA,LGA,CLE,88,419,0,-2
496,9E,JFK,ORD,146,740,6,5
497,DL,EWR,ATL,129,746,2,8
498,MQ,LGA,MSP,167,1020,88,91
499,EV,EWR,MCI,234,1092,64,136
500,UA,EWR,MIA,156,1085,1,-8
501,9E,JFK,IND,139,665,0,13
502,EV,LGA,IAD,55,229,-8,12
503,FL,LGA,ATL,132,762,-8,6
504,9E,JFK,BNA,150,765,-8,-8
505,AA,JFK,DFW,254,1391,-8,18
506,9E,JFK,BOS,41,187,-6,-33
507,DL,LGA,ATL,131,762,-5,16
508,MQ,JFK,CVG,118,589,-6,10
509,EV,LGA,PIT,69,335,-4,-2
510,DL,JFK,RSW,171,1074,-3,-29
511,UA,LGA,ORD,143,733,-3,4
512,EV,EWR,BNA,168,748,24,65
513,EV,JFK,IAD,53,228,119,123
514,B6,EWR,FLL,166,1065,-2,7
515,DL,JFK,LAS,309,2248,-6,-28
516,9E,JFK,PHL,35,94,-10,-17
517,UA,EWR,ORD,141,719,0,15
518,DL,LGA,MCI,189,1107,-3,-4
519,EV,EWR,BUF,58,282,16,12
520,B6,JFK,ORD,150,740,13,12
521,WN,EWR,DEN,254,1605,3,9
522,MQ,LGA,RDU,79,431,-2,28
523,UA,EWR,FLL,162,1065,3,6
524,MQ,LGA,CLT,106,544,54,67
525,AA,LGA,ORD,146,733,-5,4
526,B6,JFK,SYR,58,209,12,20
527,UA,EWR,BOS,35,200,84,78
528,AA,LGA,DFW,249,1389,33,72
529,AA,LGA,MIA,171,1096,8,28
530,B6,JFK,MCO,137,944,-1,-23
531,DL,JFK,FLL,155,1069,-5,-35
532,DL,LGA,MSP,168,1020,-5,-3
533,DL,LGA,DEN,235,1620,15,18
534,UA,EWR,PHX,328,2133,10,29
535,EV,EWR,PIT,73,319,13,20
536,MQ,LGA,ATL,136,762,-6,17
537,UA,EWR,IAH,242,1400,0,23
538,DL,JFK,ATL,130,760,33,34
539,US,JFK,PHX,317,2153,3,3
540,AA,JFK,SJU,188,1598,35,4
541,B6,JFK,LAX,370,2475,-4,15
542,DL,JFK,DTW,108,509,-4,2
543,B6,JFK,TPA,159,1005,88,80
544,VX,JFK,SFO,354,2586,-3,-40
545,EV,EWR,IAD,53,212,64,59
546,DL,JFK,DEN,248,1626,-2,-16
547,EV,EWR,CVG,121,569,42,67
548,B6,JFK,PBI,147,1028,-6,-30
549,EV,EWR,DCA,48,199,14,13
550,US,EWR,PHX,309,2133,-4,-4
551,UA,EWR,SAN,346,2425,1,-15
552,WN,LGA,STL,181,888,-3,23
553,MQ,EWR,ORD,139,719,-3,14
554,UA,EWR,DEN,247,1605,8,21
555,UA,EWR,CLE,84,404,5,20
556,B6,EWR,BOS,42,200,-3,-8
557,9E,JFK,MSP,173,1029,52,39
558,EV,EWR,MKE,140,725,82,96
559,MQ,LGA,DTW,106,502,0,9
560,AA,JFK,BOS,41,187,-9,-34
561,UA,EWR,RSW,161,1068,32,25
562,EV,EWR,GSO,89,445,6,16
563,EV,EWR,ATL,139,746,10,26
564,B6,LGA,TPA,162,1010,35,56
565,B6,JFK,SAN,349,2446,1,-4
566,AA,LGA,DFW,252,1389,12,35
567,DL,LGA,FLL,158,1076,-7,-13
568,EV,EWR,MHT,38,209,10,-1
569,DL,JFK,AUS,251,1521,-6,-14
570,EV,EWR,ALB,36,143,34,40
571,AA,JFK,EGE,280,1747,-5,3
572,DL,JFK,SFO,357,2586,-5,-22
573,VX,JFK,LAX,362,2475,0,-5
574,AA,JFK,LAS,322,2248,-4,-14
575,WN,EWR,STL,181,872,7,41
576,UA,EWR,MCO,148,937,27,22
577,MQ,JFK,ORF,52,290,-2,-32
578,AA,JFK,AUS,247,1521,-9,11
579,UA,LGA,ORD,144,733,1,16
580,UA,LGA,IAH,234,1416,2,16
581,AA,EWR,DFW,251,1372,0,44
582,US,LGA,CLT,110,544,-5,9
583,DL,EWR,ATL,121,746,2,-12
584,UA,EWR,LAX,334,2454,7,6
585,WN,EWR,HOU,245,1411,8,32
586,EV,EWR,BTV,48,266,21,14
587,B6,JFK,CLT,112,541,36,33
588,B6,LGA,PBI,149,1035,71,68
589,UA,LGA,DEN,241,1620,-7,-19
590,UA,EWR,SAT,242,1569,12,6
591,B6,JFK,FLL,156,1069,13,-8
592,AA,JFK,ORD,146,740,-6,0
593,F9,LGA,DEN,242,1620,-14,-6
594,B6,JFK,SJU,183,1598,91,61
595,UA,EWR,ORD,143,719,7,16
596,AA,LGA,ORD,141,733,-3,10
597,B6,JFK,SJU,189,1598,8,-7
598,MQ,LGA,RDU,80,431,-1,3
599,DL,JFK,LAX,363,2475,-5,16
600,US,EWR,CLT,104,529,-5,3
601,UA,EWR,IAH,235,1400,5,24
602,AA,JFK,MIA,157,1089,-4,4
603,UA,JFK,SFO,347,2586,-3,-18
604,AA,JFK,SAN,357,2446,2,3
605,EV,EWR,SDF,135,642,88,107
606,UA,EWR,SFO,360,2565,11,-3
607,FL,LGA,ATL,128,762,0,14
608,B6,JFK,PHX,323,2153,0,16
609,UA,EWR,SEA,344,2402,1,-19
610,EV,EWR,DAY,119,533,62,123
611,B6,JFK,RSW,176,1074,56,46
612,B6,EWR,PBI,147,1023,-7,-12
613,DL,LGA,DTW,93,502,-6,3
614,DL,JFK,PDX,341,2454,-1,-21
615,DL,LGA,MIA,167,1096,70,68
616,MQ,LGA,XNA,NA,1147,-5,NA
617,DL,LGA,MCO,145,950,-4,-24
618,9E,JFK,RDU,72,427,88,66
619,B6,EWR,MCO,137,937,-6,-2
620,B6,JFK,TPA,160,1005,24,27
621,DL,LGA,TPA,160,1010,-1,-4
622,WN,LGA,MDW,137,725,-1,10
623,B6,JFK,IAD,65,228,-4,34
624,UA,JFK,LAX,345,2475,0,-6
625,B6,JFK,MCO,141,944,6,4
626,WN,EWR,MDW,148,711,6,65
627,B6,LGA,MCO,144,950,8,21
628,UA,EWR,MCO,140,937,31,17
629,EV,EWR,DCA,45,199,54,51
630,DL,LGA,ATL,125,762,-2,-15
631,B6,JFK,BOS,36,187,-2,-12
632,B6,JFK,FLL,152,1069,-2,-5
633,UA,EWR,ORD,135,719,9,37
634,EV,EWR,CMH,95,463,0,8
635,B6,JFK,RDU,78,427,0,-6
636,UA,EWR,CLE,83,404,0,-3
637,DL,LGA,BUF,61,292,-3,-14
638,UA,EWR,LAX,340,2454,1,-12
639,EV,EWR,DTW,104,488,37,37
640,MQ,LGA,BNA,154,764,103,138
641,US,JFK,CLT,100,541,3,20
642,UA,EWR,PDX,336,2434,8,-2
643,MQ,LGA,BNA,152,764,-4,17
644,UA,EWR,SAN,NA,2425,29,NA
645,AS,EWR,SEA,336,2402,-7,-19
646,B6,JFK,LGB,337,2465,-1,-15
647,UA,EWR,DFW,228,1372,12,14
648,EV,EWR,STL,177,872,74,116
649,B6,JFK,SJC,334,2569,-1,-29
650,EV,EWR,OMA,213,1134,290,338
651,WN,LGA,BWI,46,185,10,8
652,MQ,LGA,CMH,93,479,11,18
653,UA,EWR,LAS,307,2227,16,11
654,AA,LGA,ORD,138,733,-3,3
655,AA,EWR,LAX,366,2454,0,26
656,DL,JFK,MSP,158,1029,-7,-19
657,AA,JFK,SEA,348,2422,-6,-2
658,9E,JFK,DTW,107,509,-4,3
659,US,EWR,CLT,106,529,-4,14
660,AA,LGA,MIA,153,1096,16,2
661,DL,JFK,SEA,334,2422,-4,-13
662,UA,EWR,DEN,246,1605,-2,9
663,EV,LGA,CLE,80,419,23,32
664,UA,EWR,PBI,152,1023,1,6
665,EV,EWR,PWM,48,284,9,8
666,9E,JFK,CHS,106,636,-3,-4
667,UA,EWR,SNA,342,2434,4,0
668,MQ,EWR,ORD,137,719,-6,7
669,UA,LGA,ORD,123,733,34,32
670,EV,EWR,CVG,123,569,70,94
671,B6,JFK,BUF,70,301,4,12
672,MQ,LGA,CRW,96,444,-5,25
673,UA,JFK,SFO,357,2586,-5,-3
674,EV,EWR,BTV,46,266,260,263
675,UA,EWR,FLL,149,1065,13,8
676,AA,LGA,STL,169,888,-7,2
677,DL,JFK,BOS,34,187,-2,-29
678,DL,JFK,SJU,192,1598,8,-7
679,AA,LGA,DFW,223,1389,61,52
680,AA,JFK,SJU,190,1598,-9,-19
681,AA,JFK,SFO,361,2586,63,78
682,FL,LGA,ATL,134,762,-11,2
683,EV,JFK,IAD,55,228,-10,-9
684,9E,JFK,MSY,207,1182,0,1
685,VX,JFK,SFO,364,2586,0,9
686,US,LGA,DCA,54,214,-7,-14
687,MQ,LGA,CLE,87,419,24,40
688,DL,LGA,ATL,135,762,-4,-5
689,UA,LGA,IAH,231,1416,7,3
690,AA,JFK,LAX,336,2475,131,127
691,B6,JFK,MCO,133,944,-3,-22
692,DL,JFK,ATL,132,760,1,0
693,WN,LGA,MKE,131,738,-2,-1
694,EV,EWR,RIC,55,277,-1,-9
695,DL,JFK,MIA,150,1089,-1,-47
696,B6,JFK,OAK,330,2576,15,-15
697,DL,JFK,MCO,133,944,-1,-48
698,UA,EWR,TPA,150,997,-1,-11
699,DL,JFK,SFO,361,2586,5,10
700,DL,JFK,TPA,159,1005,-9,-33
701,B6,JFK,SLC,291,1990,-3,2
702,DL,JFK,LAS,323,2248,-1,-12
703,EV,EWR,BNA,159,748,1,40
704,9E,JFK,ORD,141,740,0,19
705,US,LGA,CLT,107,544,15,15
706,MQ,LGA,RDU,81,431,1,-5
707,DL,LGA,MCO,142,950,-3,-19
708,UA,EWR,PHX,309,2133,4,-15
709,DL,JFK,SLC,281,1990,-5,-19
710,UA,EWR,SFO,351,2565,11,-4
711,AA,LGA,ORD,136,733,-4,-7
712,EV,EWR,CLT,105,529,19,18
713,DL,JFK,PHX,314,2153,1,-4
714,EV,EWR,GRR,116,605,46,54
715,B6,JFK,SMF,333,2521,24,5
716,EV,LGA,IAD,52,229,-5,-13
717,DL,JFK,LAX,332,2475,25,21
718,AA,EWR,DFW,248,1372,16,43
719,9E,JFK,RDU,75,427,-2,-18
720,UA,EWR,BQN,192,1585,9,-4
721,DL,JFK,SAN,333,2446,105,81
722,MQ,JFK,BNA,154,765,129,151
723,EV,EWR,OMA,209,1134,5,40
724,AA,JFK,LAX,332,2475,32,25
725,EV,EWR,RIC,68,277,155,166
726,9E,JFK,DFW,NA,1391,59,NA
727,AA,JFK,TPA,158,1005,-1,-2
728,UA,EWR,BOS,36,200,35,12
729,B6,LGA,FLL,152,1076,1,-10
730,MQ,JFK,DCA,60,213,157,174
731,9E,JFK,JAX,129,828,5,16
732,EV,EWR,CHS,106,628,16,14
733,B6,JFK,LAS,309,2248,50,44
734,EV,EWR,TUL,NA,1215,22,NA
735,VX,JFK,LAX,349,2475,-8,-11
736,UA,EWR,SEA,342,2402,22,6
737,9E,JFK,PIT,76,340,-5,-6
738,9E,JFK,BWI,41,184,-8,-26
739,B6,JFK,SFO,337,2586,12,-22
740,UA,EWR,DFW,233,1372,-3,11
741,DL,JFK,SAT,251,1587,29,25
742,UA,EWR,IAH,232,1400,-1,3
743,EV,EWR,TYS,138,631,30,75
744,9E,JFK,PHL,30,94,0,-16
745,AA,LGA,MIA,159,1096,7,-4
746,UA,EWR,MIA,154,1085,3,-9
747,EV,EWR,SAV,121,708,216,222
748,UA,LGA,ORD,126,733,6,2
749,MQ,LGA,MSP,163,1020,73,83
750,MQ,LGA,CMH,91,479,-7,-4
751,EV,EWR,PIT,65,319,121,123
752,UA,EWR,CLE,77,404,-4,-4
753,AA,JFK,BOS,35,187,-2,-10
754,9E,JFK,BUF,62,301,10,5
755,EV,EWR,OKC,NA,1325,46,NA
756,MQ,JFK,CMH,99,483,36,50
757,9E,JFK,CLE,91,425,42,47
758,B6,JFK,FLL,149,1069,2,-3
759,UA,EWR,RSW,157,1068,-2,-10
760,FL,LGA,CAK,73,397,-10,-7
761,B6,JFK,AUS,255,1521,-4,10
762,9E,JFK,CVG,118,589,38,34
763,B6,JFK,BUR,328,2465,109,91
764,DL,JFK,FLL,157,1069,-5,-14
765,UA,EWR,AUS,248,1504,-3,7
766,EV,EWR,MKE,130,725,22,24
767,B6,JFK,PBI,150,1028,56,50
768,WN,EWR,MDW,134,711,31,45
769,EV,EWR,MHT,33,209,0,-7
770,AA,LGA,ORD,126,733,-15,-35
771,B6,JFK,HOU,245,1428,-5,12
772,B6,JFK,MSY,195,1182,0,10
773,UA,EWR,IAH,223,1400,1,9
774,UA,EWR,BOS,35,200,-1,-17
775,UA,EWR,LAX,333,2454,5,-28
776,EV,EWR,RDU,78,416,27,34
777,B6,JFK,JAX,131,828,0,3
778,9E,JFK,DCA,43,213,11,-29
779,UA,EWR,MCO,136,937,-4,-28
780,MQ,JFK,RDU,83,427,51,45
781,B6,JFK,PDX,331,2454,23,-1
782,B6,JFK,RSW,163,1074,7,-2
783,MQ,LGA,DTW,102,502,-2,4
784,UA,EWR,PBI,142,1023,-5,-5
785,EV,EWR,ALB,31,143,52,44
786,EV,EWR,IAD,51,212,72,61
787,B6,LGA,MCO,140,950,-4,-6
788,MQ,LGA,RDU,77,431,-4,5
789,MQ,EWR,ORD,133,719,-3,17
790,EV,EWR,SDF,136,642,-2,25
791,WN,LGA,MDW,134,725,-2,5
792,UA,EWR,TPA,159,997,-2,9
793,MQ,LGA,CLT,101,544,0,17
794,B6,JFK,BOS,34,187,11,-6
795,UA,EWR,SJU,199,1608,-6,-12
796,DL,JFK,LAS,309,2248,-7,-32
797,B6,JFK,LAX,323,2475,27,-5
798,UA,EWR,SFO,354,2565,11,-14
799,B6,EWR,MCO,138,937,-6,-6
800,MQ,LGA,ATL,127,762,50,55
801,EV,EWR,RIC,65,277,5,17
802,9E,JFK,CVG,115,589,255,250
803,EV,EWR,PVD,28,160,6,-10
804,EV,EWR,DSM,200,1017,109,142
805,B6,LGA,FLL,160,1076,-10,-2
806,B6,EWR,MCO,143,937,41,43
807,MQ,LGA,BNA,153,764,-3,22
808,AA,JFK,LAX,338,2475,-7,-24
809,MQ,JFK,DCA,54,213,3,3
810,B6,JFK,DEN,223,1626,9,-9
811,UA,EWR,FLL,152,1065,49,28
812,B6,EWR,FLL,154,1065,-9,-14
813,B6,JFK,SJU,189,1598,5,-14
814,B6,JFK,MCO,140,944,2,2
815,EV,EWR,BWI,36,169,-2,-13
816,AA,EWR,MIA,146,1085,285,246
817,B6,JFK,PBI,143,1028,24,21
818,B6,JFK,RDU,86,427,14,23
819,B6,JFK,BUF,64,301,26,28
820,B6,JFK,SJU,191,1598,-12,-26
821,B6,JFK,TPA,163,1005,47,73
822,EV,EWR,BUF,56,282,141,127
823,EV,EWR,PWM,47,284,24,8
824,B6,JFK,FLL,153,1069,30,49
825,B6,JFK,PWM,44,273,-5,-16
826,B6,JFK,BOS,37,187,-5,-7
827,EV,EWR,BDL,24,116,62,49
828,B6,JFK,ROC,59,264,21,23
829,B6,JFK,BTV,59,266,22,35
830,B6,JFK,BUF,57,301,15,9
831,EV,EWR,DCA,44,199,192,191
832,EV,EWR,BTV,44,266,83,69
833,B6,JFK,LAS,290,2248,116,73
834,B6,JFK,SYR,45,209,37,33
835,EV,EWR,MCI,222,1092,379,456
836,B6,JFK,PSE,195,1617,-6,-20
837,B6,JFK,SJU,185,1598,-6,-24
838,B6,JFK,BQN,186,1576,-3,-12
839,EV,EWR,RDU,NA,416,NA,NA
840,AA,LGA,DFW,NA,1389,NA,NA
841,AA,LGA,MIA,NA,1096,NA,NA
842,B6,JFK,FLL,NA,1069,NA,NA
843,B6,JFK,SJU,189,1598,43,36
844,B6,JFK,SYR,49,209,156,154
845,US,EWR,CLT,108,529,-2,13
846,UA,EWR,IAH,214,1400,-3,-10
847,AA,JFK,MIA,156,1089,-5,-19
848,UA,LGA,IAH,231,1416,7,12
849,B6,JFK,BQN,184,1576,-6,-23
850,B6,JFK,FLL,156,1069,-6,-16
851,B6,JFK,PBI,146,1028,-6,-10
852,B6,LGA,FLL,159,1076,-6,11
853,AA,LGA,DFW,255,1389,-5,21
854,B6,JFK,TPA,158,1005,-5,0
855,DL,LGA,DTW,87,502,-5,-7
856,EV,LGA,IAD,54,229,-4,1
857,DL,LGA,ATL,128,762,-4,0
858,DL,LGA,CVG,117,585,-8,9
859,FL,LGA,ATL,129,762,-2,23
860,UA,JFK,SFO,341,2586,-2,-15
861,UA,EWR,LAS,289,2227,-2,-52
862,UA,EWR,MIA,157,1085,-1,-1
863,EV,EWR,CMH,98,463,0,25
864,EV,EWR,MSP,155,1008,-5,-27
865,9E,EWR,CVG,120,569,0,4
866,B6,JFK,MCO,140,944,0,0
867,WN,LGA,MDW,117,725,0,12
868,MQ,LGA,DTW,82,502,-5,-17
869,UA,LGA,ORD,125,733,0,12
870,US,LGA,PHL,28,96,2,-13
871,AA,LGA,ORD,118,733,3,-12
872,UA,EWR,LAX,341,2454,4,-4
873,UA,EWR,SFO,329,2565,5,-44
874,DL,JFK,ATL,129,760,-4,1
875,DL,LGA,MSP,167,1020,-4,5
876,AA,EWR,MIA,151,1085,-3,-11
877,B6,EWR,FLL,158,1065,9,15
878,EV,LGA,MEM,172,963,10,19
879,DL,EWR,ATL,124,746,-5,10
880,WN,EWR,MDW,139,711,11,31
881,B6,EWR,PBI,146,1023,12,11
882,B6,JFK,SJU,191,1598,-3,-7
883,UA,JFK,LAX,354,2475,16,44
884,US,JFK,CLT,106,541,2,20
885,AA,LGA,MIA,155,1096,11,-3
886,MQ,LGA,MSP,159,1020,-8,-10
887,MQ,LGA,ATL,138,762,24,43
888,MQ,LGA,CLT,106,544,-5,3
889,UA,LGA,IAH,230,1416,-4,1
890,UA,EWR,DFW,249,1372,-5,8
891,US,EWR,CLT,103,529,-4,17
892,DL,LGA,TPA,159,1010,-2,3
893,WN,EWR,BWI,42,169,13,15
894,EV,EWR,IAD,51,212,14,11
895,EV,EWR,CVG,118,569,9,17
896,US,EWR,PHX,308,2133,-1,-4
897,B6,JFK,RSW,177,1074,20,27
898,DL,LGA,FLL,166,1076,-5,6
899,WN,LGA,BWI,42,185,0,-13
900,EV,EWR,RDU,82,416,-3,0
901,UA,EWR,LAX,325,2454,2,1
902,AA,LGA,ORD,123,733,4,-4
903,UA,EWR,AUS,248,1504,-1,17
904,UA,EWR,PHX,299,2133,5,-9
905,EV,EWR,BNA,138,748,-3,23
906,US,JFK,PHX,312,2153,7,-6
907,UA,EWR,CLE,79,404,6,6
908,B6,JFK,BOS,34,187,0,-17
909,UA,EWR,PBI,145,1023,-6,-15
910,EV,EWR,ATL,138,746,6,9
911,AA,LGA,DFW,249,1389,6,33
912,B6,JFK,BUF,60,301,-6,-6
913,B6,LGA,MCO,142,950,-4,-5
914,US,LGA,CLT,109,544,12,13
915,UA,LGA,DEN,218,1620,2,-27
916,UA,EWR,BOS,34,200,1,-31
917,US,EWR,CLT,102,529,2,15
918,DL,JFK,SLC,274,1990,-6,-39
919,UA,EWR,MCO,141,937,-2,-12
920,DL,JFK,SFO,323,2586,-6,-59
921,UA,EWR,FLL,168,1065,3,8
922,AA,JFK,MCO,144,944,-4,-4
923,B6,JFK,LAS,297,2248,0,-13
924,DL,JFK,LAX,317,2475,-5,-3
925,DL,LGA,PBI,162,1035,-5,-4
926,DL,LGA,MIA,161,1096,-5,-5
927,B6,JFK,FLL,162,1069,-4,6
928,MQ,LGA,XNA,233,1147,-9,34
929,US,LGA,DCA,46,214,-3,-3
930,VX,JFK,LAX,330,2475,-1,-26
931,EV,EWR,CLT,102,529,30,37
932,AA,LGA,ORD,122,733,0,1
933,AA,LGA,MIA,163,1096,0,2
934,DL,LGA,MSY,193,1183,-4,18
935,UA,EWR,TPA,164,997,2,46
936,B6,JFK,MSY,192,1182,9,26
937,DL,LGA,DTW,90,502,-1,-5
938,UA,EWR,SJU,194,1608,4,-12
939,AA,JFK,SJU,197,1598,35,29
940,MQ,EWR,ORD,115,719,-5,-23
941,AA,JFK,MIA,160,1089,-8,-23
942,B6,JFK,LAX,327,2475,9,-8
943,DL,LGA,ATL,125,762,12,4
944,UA,LGA,ORD,127,733,12,12
945,AA,JFK,FLL,161,1069,-1,-9
946,B6,JFK,MCO,144,944,-6,1
947,UA,JFK,SFO,341,2586,0,-25
948,UA,EWR,RSW,168,1068,-1,-2
949,MQ,EWR,ORD,112,719,80,90
950,AS,EWR,SEA,314,2402,-3,-41
951,UA,EWR,ORD,114,719,10,-3
952,VX,JFK,SFO,344,2586,-6,-36
953,UA,EWR,SNA,338,2434,42,-4
954,UA,EWR,DEN,251,1605,-2,9
955,FL,LGA,MKE,113,738,9,6
956,B6,LGA,RSW,168,1080,0,8
957,DL,JFK,SEA,309,2422,-1,-45
958,B6,JFK,SJU,187,1598,15,0
959,AA,JFK,LAX,351,2475,2,5
960,B6,JFK,SYR,50,209,-4,24
961,UA,LGA,IAH,230,1416,0,7
962,B6,JFK,ROC,57,264,-2,4
963,B6,JFK,SFO,335,2586,-4,-30
964,WN,EWR,HOU,235,1411,34,20
965,UA,EWR,BOS,34,200,2,-9
966,B6,LGA,TPA,162,1010,-8,6
967,AA,LGA,ORD,121,733,-7,-4
968,AA,JFK,SFO,353,2586,-6,-9
969,UA,EWR,MCO,144,937,4,2
970,WN,LGA,DEN,263,1620,0,10
971,EV,EWR,GSO,94,445,-2,12
972,UA,LGA,DEN,220,1620,1,-14
973,9E,JFK,PHL,30,94,-2,1
974,DL,EWR,ATL,128,746,14,10
975,AA,LGA,DFW,244,1389,15,32
976,UA,EWR,SFO,350,2565,-1,-11
977,B6,JFK,SRQ,167,1041,-2,-3
978,UA,EWR,PBI,151,1023,25,28
979,9E,JFK,PIT,68,340,-9,-3
980,EV,EWR,GSP,109,594,-8,-3
981,EV,EWR,BTV,49,266,-8,-6
982,UA,EWR,IAH,215,1400,7,13
983,EV,EWR,DCA,46,199,79,75
984,DL,LGA,MCO,143,950,-1,-4
985,B6,EWR,MCO,146,937,-5,6
986,B6,JFK,FLL,155,1069,-5,-18
987,DL,LGA,ATL,123,762,-4,-2
988,DL,JFK,MIA,155,1089,-3,-29
989,US,LGA,CLT,106,544,-2,19
990,AA,LGA,MIA,160,1096,3,-18
991,B6,EWR,BOS,38,200,-6,-18
992,DL,JFK,MCO,143,944,-10,-14
993,AA,EWR,DFW,241,1372,31,56
994,MQ,JFK,RDU,86,427,-9,-4
995,UA,EWR,PDX,310,2434,-1,-31
996,AA,JFK,STT,193,1623,-4,-15
997,DL,JFK,FLL,170,1069,-3,4
998,DL,JFK,ATL,124,760,-2,4
999,US,EWR,CLT,107,529,-7,4
1000,B6,JFK,PIT,71,340,-1,2
